{
  "step": 17900,
  "time": 1783119185.2490077,
  "loss": 0.010997366700321436,
  "acc": 0.9954090118408203,
  "q_certainty": 0.622119747004737,
  "chimera_phi": 0.7,
  "_max_steps": 200000,
  "_architecture": "FsiDeepCore \u2014 18.43M params",
  "_setup": "B=8, T=128, Q-NFRE every 2 steps"
}